[{"bankName":"STATE BANK OF INDIA (SBI)","branchCount":25640,"locationCount":9090,"stateCount":48,"isPopular":true},{"bankName":"PUNJAB NATIONAL BANK (PNB)","branchCount":7259,"locationCount":3929,"stateCount":40,"isPopular":true},{"bankName":"INDIAN OVERSEAS BANK (IOB)","branchCount":3354,"locationCount":1794,"stateCount":40,"isPopular":true},{"bankName":"SYNDICATE BANK","branchCount":4219,"locationCount":2164,"stateCount":35,"isPopular":true},{"bankName":"ALLAHABAD BANK","branchCount":3257,"locationCount":1886,"stateCount":33,"isPopular":true},{"bankName":"AXIS BANK LTD","branchCount":4005,"locationCount":1915,"stateCount":35,"isPopular":true},{"bankName":"BANDHAN BANK LIMITED","branchCount":994,"locationCount":175,"stateCount":32,"isPopular":false},{"bankName":"BANK OF BARODA (BOB)","branchCount":5557,"locationCount":3284,"stateCount":191,"isPopular":true},{"bankName":"BANK OF INDIA (BOI)","branchCount":5260,"locationCount":3018,"stateCount":37,"isPopular":true},{"bankName":"CANARA BANK","branchCount":6565,"locationCount":3287,"stateCount":36,"isPopular":true},{"bankName":"CENTRAL BANK OF INDIA","branchCount":4904,"locationCount":3030,"stateCount":37,"isPopular":true},{"bankName":"DENA BANK","branchCount":1764,"locationCount":1153,"stateCount":34,"isPopular":false},{"bankName":"HDFC BANK LTD","branchCount":5863,"locationCount":2415,"stateCount":35,"isPopular":true},{"bankName":"ICICI BANK LTD","branchCount":5110,"locationCount":2220,"stateCount":35,"isPopular":true},{"bankName":"IDBI LTD","branchCount":2485,"locationCount":1063,"stateCount":35,"isPopular":true},{"bankName":"INDIAN BANK","branchCount":2867,"locationCount":1717,"stateCount":36,"isPopular":true},{"bankName":"TAMILNAD MERCANTILE BANK LTD","branchCount":523,"locationCount":377,"stateCount":20,"isPopular":false},{"bankName":"UCO BANK","branchCount":3074,"locationCount":1876,"stateCount":36,"isPopular":true},{"bankName":"UNION BANK OF INDIA","branchCount":4349,"locationCount":2292,"stateCount":41,"isPopular":true},{"bankName":"UNITED BANK OF INDIA","branchCount":2070,"locationCount":1268,"stateCount":35,"isPopular":false},{"bankName":"VIJAYA BANK","branchCount":2230,"locationCount":1273,"stateCount":39,"isPopular":false},{"bankName":"YES BANK LTD","branchCount":3157,"locationCount":1350,"stateCount":36,"isPopular":true},{"bankName":"KARUR VYSYA BANK","branchCount":20,"locationCount":18,"stateCount":7,"isPopular":false},{"bankName":"INDUSIND BANK","branchCount":31,"locationCount":28,"stateCount":14,"isPopular":false},{"bankName":"AXIS BANK","branchCount":521,"locationCount":389,"stateCount":30,"isPopular":false},{"bankName":"THE ANDHRA PRADESH STATE COOPERATIVE BANK LIMITED","branchCount":4,"locationCount":4,"stateCount":1,"isPopular":false},{"bankName":"SOUTH INDIAN BANK","branchCount":933,"locationCount":587,"stateCount":30,"isPopular":false},{"bankName":"ICICI BANK LIMITED","branchCount":94,"locationCount":72,"stateCount":19,"isPopular":false},{"bankName":"ANDHRA PRAGATHI GRAMEENA BANK","branchCount":550,"locationCount":407,"stateCount":1,"isPopular":false},{"bankName":"YES BANK","branchCount":33,"locationCount":25,"stateCount":9,"isPopular":false},{"bankName":"KOTAK MAHINDRA BANK LIMITED","branchCount":50,"locationCount":41,"stateCount":16,"isPopular":false},{"bankName":"HDFC BANK","branchCount":183,"locationCount":122,"stateCount":26,"isPopular":false},{"bankName":"DBS BANK INDIA LIMITED","branchCount":22,"locationCount":21,"stateCount":11,"isPopular":false},{"bankName":"IDFC FIRST BANK LTD","branchCount":276,"locationCount":204,"stateCount":23,"isPopular":false},{"bankName":"CORPORATION BANK","branchCount":2452,"locationCount":1456,"stateCount":32,"isPopular":true},{"bankName":"A P MAHESH CO OP URBAN BANK LTD","branchCount":46,"locationCount":11,"stateCount":4,"isPopular":false},{"bankName":"ANDHRA BANK","branchCount":3163,"locationCount":1617,"stateCount":29,"isPopular":true},{"bankName":"ANDHRA PRADESH GRAMEENA VIKAS BANK","branchCount":788,"locationCount":291,"stateCount":2,"isPopular":false},{"bankName":"ANDHRA PRADESH STATE CO OPERATIVE BANK LTD","branchCount":425,"locationCount":329,"stateCount":2,"isPopular":false},{"bankName":"BANK OF BAHRAIN AND KUWAIT","branchCount":3,"locationCount":3,"stateCount":3,"isPopular":false},{"bankName":"BANK OF MAHARASHTRA","branchCount":1869,"locationCount":1219,"stateCount":33,"isPopular":false},{"bankName":"BNP PARIBAS","branchCount":10,"locationCount":8,"stateCount":7,"isPopular":false},{"bankName":"CATHOLIC SYRIAN BANK LIMITED","branchCount":277,"locationCount":212,"stateCount":12,"isPopular":false},{"bankName":"CATHOLIC SYRIAN BANK LTD","branchCount":164,"locationCount":86,"stateCount":17,"isPopular":false},{"bankName":"CITI BANK N A","branchCount":40,"locationCount":23,"stateCount":12,"isPopular":false},{"bankName":"CITY UNION BANK LIMITED","branchCount":241,"locationCount":133,"stateCount":13,"isPopular":false},{"bankName":"CITY UNION BANK LTD","branchCount":412,"locationCount":281,"stateCount":17,"isPopular":false},{"bankName":"COSMOS CO OPERATIVE BANK","branchCount":139,"locationCount":43,"stateCount":6,"isPopular":false},{"bankName":"DCB BANK LIMITED","branchCount":351,"locationCount":258,"stateCount":20,"isPopular":false},{"bankName":"DHANALAKSHMI BANK LTD","branchCount":280,"locationCount":183,"stateCount":15,"isPopular":false},{"bankName":"EQUITAS SMALL FINANCE BANK LIMITED","branchCount":429,"locationCount":176,"stateCount":15,"isPopular":false},{"bankName":"ESAF SMALL FINANCE BANK LIMITED","branchCount":237,"locationCount":212,"stateCount":13,"isPopular":false},{"bankName":"FEDERAL BANK","branchCount":232,"locationCount":160,"stateCount":19,"isPopular":false},{"bankName":"FEDERAL BANK LTD","branchCount":1073,"locationCount":664,"stateCount":29,"isPopular":false},{"bankName":"FINO PAYMENTS BANK LIMITED","branchCount":127,"locationCount":56,"stateCount":13,"isPopular":false},{"bankName":"HONGKONG SHANGHAI BKG CORPORATION","branchCount":30,"locationCount":14,"stateCount":12,"isPopular":false},{"bankName":"IDBI BANK","branchCount":715,"locationCount":545,"stateCount":31,"isPopular":false},{"bankName":"INDUSIND BANK LTD","branchCount":1387,"locationCount":692,"stateCount":34,"isPopular":false},{"bankName":"JAMMU AND KASHMIR BANK LTD","branchCount":960,"locationCount":378,"stateCount":21,"isPopular":false},{"bankName":"KARNATAKA BANK LTD","branchCount":852,"locationCount":478,"stateCount":23,"isPopular":false},{"bankName":"KARUR VYSYA BANK LTD","branchCount":853,"locationCount":403,"stateCount":22,"isPopular":false},{"bankName":"KOTAK MAHINDRA BANK LTD","branchCount":1696,"locationCount":706,"stateCount":30,"isPopular":false},{"bankName":"LAXMI VILAS BANK","branchCount":164,"locationCount":103,"stateCount":17,"isPopular":false},{"bankName":"LAXMI VILAS BANK LTD","branchCount":433,"locationCount":300,"stateCount":17,"isPopular":false},{"bankName":"NASIK MARCHANTS CO OP BANK LTD","branchCount":81,"locationCount":45,"stateCount":3,"isPopular":false},{"bankName":"ORIENTAL BANK OF COMMERCE","branchCount":2410,"locationCount":1285,"stateCount":31,"isPopular":true},{"bankName":"PUNJAB AND SIND BANK","branchCount":1529,"locationCount":829,"stateCount":32,"isPopular":false},{"bankName":"RATNAKAR BANK LIMITED","branchCount":279,"locationCount":184,"stateCount":20,"isPopular":false},{"bankName":"RESERVE BANK OF INDIA PAD","branchCount":14,"locationCount":10,"stateCount":11,"isPopular":false},{"bankName":"SARASWAT CO OPERATIVE BANK LTD","branchCount":410,"locationCount":96,"stateCount":9,"isPopular":false},{"bankName":"SHAMRAO VITHHAL CO OP BANK LTD","branchCount":526,"locationCount":176,"stateCount":11,"isPopular":false},{"bankName":"STANDARD CHARTERED BANK LTD","branchCount":101,"locationCount":44,"stateCount":18,"isPopular":false},{"bankName":"THE SHAMRAO VITHAL COOPERATIVE BANK","branchCount":52,"locationCount":41,"stateCount":4,"isPopular":false},{"bankName":"NORTH EAST SMALL FINANCE BANK LIMITED","branchCount":93,"locationCount":78,"stateCount":6,"isPopular":false},{"bankName":"JANA SMALL FINANCE BANK LTD","branchCount":281,"locationCount":172,"stateCount":21,"isPopular":false},{"bankName":"UJJIVAN SMALL FINANCE BANK LIMITED","branchCount":474,"locationCount":353,"stateCount":25,"isPopular":false},{"bankName":"RESERVE BANK OF INDIA","branchCount":1,"locationCount":1,"stateCount":1,"isPopular":false},{"bankName":"RBL BANK LIMITED","branchCount":55,"locationCount":26,"stateCount":14,"isPopular":false},{"bankName":"UTKARSH SMALL FINANCE BANK","branchCount":441,"locationCount":304,"stateCount":11,"isPopular":false},{"bankName":"CAPITAL SMALL FINANCE BANK LIMITED","branchCount":134,"locationCount":114,"stateCount":4,"isPopular":false},{"bankName":"AU SMALL FINANCE BANK LIMITED","branchCount":331,"locationCount":164,"stateCount":11,"isPopular":false},{"bankName":"KARNATAKA BANK LIMITED","branchCount":10,"locationCount":10,"stateCount":4,"isPopular":false},{"bankName":"NAGPUR NAGARIK SAHAKARI BANK LTD","branchCount":46,"locationCount":23,"stateCount":3,"isPopular":false},{"bankName":"CITIZEN CRDIT CO OP BANK LTD","branchCount":47,"locationCount":13,"stateCount":3,"isPopular":false},{"bankName":"JAMMU AND KASHMIR BANK LIMITED","branchCount":17,"locationCount":11,"stateCount":4,"isPopular":false},{"bankName":"BANK OF AMERICA","branchCount":4,"locationCount":4,"stateCount":4,"isPopular":false},{"bankName":"BANK OF NOVA SCOTIA","branchCount":2,"locationCount":2,"stateCount":2,"isPopular":false},{"bankName":"CREDIT AGRICOLE CORPORATE AND INVESTMENT BANK","branchCount":3,"locationCount":3,"stateCount":3,"isPopular":false},{"bankName":"CTBC BANK CO LTD","branchCount":2,"locationCount":2,"stateCount":2,"isPopular":false},{"bankName":"DELHI STATE COOPERATIVE BANK LTD","branchCount":51,"locationCount":1,"stateCount":1,"isPopular":false},{"bankName":"DEUTSCHE BANK LTD","branchCount":23,"locationCount":15,"stateCount":9,"isPopular":false},{"bankName":"INDIA POST PAYMENTS BANK LIMITED","branchCount":1,"locationCount":1,"stateCount":1,"isPopular":false},{"bankName":"INDUSTRIAL BANK OF KOREA","branchCount":1,"locationCount":1,"stateCount":1,"isPopular":false},{"bankName":"JP MORGAN CHASE BANK N A","branchCount":4,"locationCount":4,"stateCount":4,"isPopular":false},{"bankName":"KANGRA CO OPERATIVE BANK LTD","branchCount":12,"locationCount":1,"stateCount":1,"isPopular":false},{"bankName":"MIZUHO BANK LTD","branchCount":5,"locationCount":5,"stateCount":5,"isPopular":false},{"bankName":"MUFG BANK LTD","branchCount":6,"locationCount":5,"stateCount":5,"isPopular":false},{"bankName":"NAINITAL BANK LTD","branchCount":138,"locationCount":85,"stateCount":5,"isPopular":false},{"bankName":"PUNJAB MAHARASTRA CO OP BANK","branchCount":140,"locationCount":44,"stateCount":6,"isPopular":false},{"bankName":"SBER BANK","branchCount":1,"locationCount":1,"stateCount":1,"isPopular":false},{"bankName":"SHINHAN BANK","branchCount":8,"locationCount":6,"stateCount":5,"isPopular":false},{"bankName":"SOCIETE GENERALE","branchCount":2,"locationCount":2,"stateCount":2,"isPopular":false},{"bankName":"SUMITOMO MITSUI BANKING CORPORATION","branchCount":2,"locationCount":2,"stateCount":2,"isPopular":false},{"bankName":"APNA SAHAKARI BANK LTD","branchCount":87,"locationCount":41,"stateCount":2,"isPopular":false},{"bankName":"GOPINATH PATIL PARSIK JANATA SAHAKARI BK LTD","branchCount":93,"locationCount":30,"stateCount":3,"isPopular":false},{"bankName":"NKGSB COOP BANK LTD","branchCount":99,"locationCount":35,"stateCount":5,"isPopular":false},{"bankName":"TJSB SAHAKARI BANK LTD","branchCount":138,"locationCount":63,"stateCount":5,"isPopular":false},{"bankName":"KALUPUR COMMERCIAL COOPERATIVE BANK","branchCount":3,"locationCount":1,"stateCount":1,"isPopular":false},{"bankName":"THE SURAT DISTRICT COOPERATIVE BANK LIMITED","branchCount":7,"locationCount":5,"stateCount":1,"isPopular":false},{"bankName":"THE VIJAY CO OPERATIVE BANK LIMITED","branchCount":18,"locationCount":1,"stateCount":1,"isPopular":false},{"bankName":"SARASWAT COOPERATIVE BANK LIMITED","branchCount":7,"locationCount":6,"stateCount":2,"isPopular":false},{"bankName":"THE GUJARAT STATE COOPERATIVE BANK LIMITED","branchCount":7,"locationCount":7,"stateCount":1,"isPopular":false},{"bankName":"ABHYUDAYA CO OP BANK LTD","branchCount":108,"locationCount":29,"stateCount":3,"isPopular":false},{"bankName":"AHMEDABAD MERC COOP BK LTD","branchCount":32,"locationCount":7,"stateCount":2,"isPopular":false},{"bankName":"BHARAT COOPERATIVE BANK LTD","branchCount":97,"locationCount":31,"stateCount":3,"isPopular":false},{"bankName":"GUJARAT STATE COOPERATIVE BANK LTD","branchCount":111,"locationCount":52,"stateCount":1,"isPopular":false},{"bankName":"JANATA SAHAKARI BANK LTD PUNE","branchCount":74,"locationCount":34,"stateCount":2,"isPopular":false},{"bankName":"KALUPUR COMMERCIAL CO OP BANK","branchCount":58,"locationCount":18,"stateCount":2,"isPopular":false},{"bankName":"KAPOL CO OP BANK LTD","branchCount":1,"locationCount":1,"stateCount":1,"isPopular":false},{"bankName":"MEHSANA URBAN COOPERATIVE BANK LTD","branchCount":51,"locationCount":34,"stateCount":2,"isPopular":false},{"bankName":"NEW INDIA CO OP BANK","branchCount":31,"locationCount":7,"stateCount":2,"isPopular":false},{"bankName":"NUTAN NAGARIK SAHAKARI BANK LTD","branchCount":23,"locationCount":3,"stateCount":2,"isPopular":false},{"bankName":"PRIME CO OPERATIVE BANK LTD","branchCount":38,"locationCount":20,"stateCount":1,"isPopular":false},{"bankName":"RAJKOT NAGARIK SAHAKARI BANK LTD","branchCount":1,"locationCount":1,"stateCount":1,"isPopular":false},{"bankName":"SURAT DISTRICT COOPERATIVE BANK LTD","branchCount":92,"locationCount":35,"stateCount":1,"isPopular":false},{"bankName":"SURAT NATIONAL COOPERATIVE BANK","branchCount":18,"locationCount":2,"stateCount":1,"isPopular":false},{"bankName":"SURAT PEOPLES COOP BANK LTD","branchCount":29,"locationCount":4,"stateCount":2,"isPopular":false},{"bankName":"SURYODAY SMALL FINANCE BANK LIMITED","branchCount":32,"locationCount":13,"stateCount":6,"isPopular":false},{"bankName":"SUTEX CO OPERATIVE BANK LTD","branchCount":19,"locationCount":1,"stateCount":1,"isPopular":false},{"bankName":"TEXTILE TRADERS CO OPERATIVE BANK LIMITED","branchCount":5,"locationCount":1,"stateCount":1,"isPopular":false},{"bankName":"THE NAVNIRMAN CO OPERATIVE BANK LIMITED","branchCount":15,"locationCount":1,"stateCount":1,"isPopular":false},{"bankName":"VARACHHA COOPERATIVE BANK LTD","branchCount":22,"locationCount":8,"stateCount":1,"isPopular":false},{"bankName":"ZOROASTRIAN COOPERATIVE BANK LTD","branchCount":21,"locationCount":3,"stateCount":2,"isPopular":false},{"bankName":"KOTAK MAHINDRA BANK","branchCount":1,"locationCount":1,"stateCount":1,"isPopular":false},{"bankName":"AIRTEL PAYMENTS BANK LIMITED","branchCount":2,"locationCount":1,"stateCount":1,"isPopular":false},{"bankName":"THE HARYANA STATE COOPERATIVE APEX BANK LTD","branchCount":16,"locationCount":2,"stateCount":1,"isPopular":false},{"bankName":"WOORI BANK","branchCount":5,"locationCount":3,"stateCount":3,"isPopular":false},{"bankName":"HIMACHAL PRADESH STATE COOPERATIVE BANK LTD","branchCount":220,"locationCount":120,"stateCount":1,"isPopular":false},{"bankName":"KANGRA CENTRAL CO OP BANK LTD","branchCount":218,"locationCount":132,"stateCount":1,"isPopular":false},{"bankName":"PRAGATHI KRISHNA GRAMIN BANK","branchCount":675,"locationCount":71,"stateCount":1,"isPopular":false},{"bankName":"THE AJARA URBAN CO OP BANK LTD AJARA","branchCount":33,"locationCount":28,"stateCount":2,"isPopular":false},{"bankName":"THE GOKAK URBAN COOPERATIVE CREDIT BANK LIMITED","branchCount":1,"locationCount":1,"stateCount":1,"isPopular":false},{"bankName":"NKGSB COOPERATIVE BANK LIMITED","branchCount":8,"locationCount":4,"stateCount":2,"isPopular":false},{"bankName":"KAVERI GRAMEENA BANK","branchCount":491,"locationCount":12,"stateCount":1,"isPopular":false},{"bankName":"FINCARE SMALL FINANCE BANK LTD","branchCount":1,"locationCount":1,"stateCount":1,"isPopular":false},{"bankName":"KALLAPANNA AWADE ICHALKARANJI JANATA SAHAKARI BANK LTD","branchCount":41,"locationCount":27,"stateCount":2,"isPopular":false},{"bankName":"KARNATAKA STATE APEX COOP BANK","branchCount":89,"locationCount":18,"stateCount":1,"isPopular":false},{"bankName":"KARNATAKA VIKAS GRAMEENA BANK","branchCount":626,"locationCount":434,"stateCount":1,"isPopular":false},{"bankName":"SHRI VEERSHAIV CO OP BANK LTD","branchCount":31,"locationCount":20,"stateCount":2,"isPopular":false},{"bankName":"SIR M VISVESVARAYA CO OPERATIVE BANK LTD","branchCount":12,"locationCount":1,"stateCount":1,"isPopular":false},{"bankName":"SOLAPUR JANATA SAHAKARI BANK LTD","branchCount":42,"locationCount":19,"stateCount":2,"isPopular":false},{"bankName":"THE COSMOS CO OPERATIVE BANK LIMITED","branchCount":3,"locationCount":3,"stateCount":3,"isPopular":false},{"bankName":"TUMKUR GRAIN MERCHANTS CO OP BANK LTD","branchCount":31,"locationCount":11,"stateCount":1,"isPopular":false},{"bankName":"VISHESHWAR SAHAKARI BANK LTD","branchCount":29,"locationCount":12,"stateCount":2,"isPopular":false},{"bankName":"THE KERALA STATE CO OPERATIVE BANK LTD","branchCount":21,"locationCount":12,"stateCount":1,"isPopular":false},{"bankName":"DOHA BANK","branchCount":4,"locationCount":3,"stateCount":3,"isPopular":false},{"bankName":"IDUKKI DISTRICT CO OPERATIVE BANK LTD","branchCount":55,"locationCount":55,"stateCount":1,"isPopular":false},{"bankName":"IRINJALAKUDA TOWN CO OPERATIVE BANK LTD","branchCount":20,"locationCount":18,"stateCount":1,"isPopular":false},{"bankName":"KERALA GRAMIN BANK","branchCount":646,"locationCount":43,"stateCount":1,"isPopular":false},{"bankName":"KOZHIKODE DISTRICT CO OPERATIVE BANK LIMITED","branchCount":65,"locationCount":50,"stateCount":1,"isPopular":false},{"bankName":"THE URBAN CO OPERATIVE BANK LTD NO ONE SEVEN FIVE EIGHT PERINTHALMANNA","branchCount":25,"locationCount":21,"stateCount":1,"isPopular":false},{"bankName":"THRISSUR DISTRICT CO OPERATIVE BANK LIMITED","branchCount":59,"locationCount":6,"stateCount":1,"isPopular":false},{"bankName":"THE MALKAPUR URBAN CO OPERATIVE BANK LTD MALKAPUR","branchCount":28,"locationCount":21,"stateCount":1,"isPopular":false},{"bankName":"THE MEHSANA URBAN COOPERATIVE BANK","branchCount":5,"locationCount":3,"stateCount":1,"isPopular":false},{"bankName":"STATE BANK OF INDI","branchCount":1,"locationCount":1,"stateCount":1,"isPopular":false},{"bankName":"","branchCount":7,"locationCount":1,"stateCount":1,"isPopular":false},{"bankName":"AKOLA JANATA COMMERCIAL COOPERATIVE BANK LTD","branchCount":40,"locationCount":32,"stateCount":2,"isPopular":false},{"bankName":"JALGAON PEOPLES COOPERATIVE BANK LTD","branchCount":40,"locationCount":22,"stateCount":2,"isPopular":false},{"bankName":"SHIVALIK MERCANTILE CO OPERATIVE BANK LTD","branchCount":33,"locationCount":23,"stateCount":2,"isPopular":false},{"bankName":"DEVELOPMENT BANK OF SINGAPORE","branchCount":6,"locationCount":1,"stateCount":1,"isPopular":false},{"bankName":"MAHARASHTRA STATE COOPERATIVE BANK","branchCount":3,"locationCount":3,"stateCount":1,"isPopular":false},{"bankName":"THE THANE DISTRICT CENTRAL COOPERATIVE BANK LIMITED","branchCount":2,"locationCount":2,"stateCount":1,"isPopular":false},{"bankName":"NAGAR URBAN CO OPERATIVE BANK","branchCount":1,"locationCount":1,"stateCount":1,"isPopular":false},{"bankName":"SANT SOPANKAKA SAHAKARI BANK LTD","branchCount":3,"locationCount":1,"stateCount":1,"isPopular":false},{"bankName":"QATAR NATIONAL BANK Q P S C","branchCount":2,"locationCount":1,"stateCount":1,"isPopular":false},{"bankName":"NAV JEEVAN CO OP BANK LTD","branchCount":10,"locationCount":2,"stateCount":1,"isPopular":false},{"bankName":"MAHARASHTRA GRAMIN BANK","branchCount":424,"locationCount":408,"stateCount":1,"isPopular":false},{"bankName":"ABHYUDAYA COOPERATIVE BANK LIMITED","branchCount":4,"locationCount":1,"stateCount":2,"isPopular":false},{"bankName":"ABU DHABI COMMERCIAL BANK","branchCount":1,"locationCount":1,"stateCount":1,"isPopular":false},{"bankName":"ADITYA BIRLA IDEA PAYMENTS BANK","branchCount":2,"locationCount":2,"stateCount":2,"isPopular":false},{"bankName":"AHMEDNAGAR MERCHANTS CO OP BANK LTD","branchCount":19,"locationCount":11,"stateCount":1,"isPopular":false},{"bankName":"AKOLA DISTRICT CENTRAL CO OPERATIVE BANK LTD","branchCount":102,"locationCount":61,"stateCount":1,"isPopular":false},{"bankName":"AMBARNATH JAIHIND CO OP BANK LTD AMBARNATH","branchCount":19,"locationCount":11,"stateCount":1,"isPopular":false},{"bankName":"AUSTRALIA NEW ZEALAND BANKING GROUP LTD","branchCount":1,"locationCount":1,"stateCount":1,"isPopular":false},{"bankName":"BANK INTERNATIONAL INDONESIA","branchCount":1,"locationCount":1,"stateCount":1,"isPopular":false},{"bankName":"BARAMATI SAHAKARI BANK LIMITED","branchCount":38,"locationCount":21,"stateCount":1,"isPopular":false},{"bankName":"BARCLAYS BANK PLC","branchCount":3,"locationCount":1,"stateCount":1,"isPopular":false},{"bankName":"BASSIN CATHOLIC COOP BANK LTD","branchCount":67,"locationCount":28,"stateCount":1,"isPopular":false},{"bankName":"BHAGINI NIVEDITA SAHAKARI BANK LTD PUNE","branchCount":2,"locationCount":1,"stateCount":1,"isPopular":false},{"bankName":"CREDIT AGRICOLE CORPORATE AND INVESTMENT BANK CALYON BANK","branchCount":1,"locationCount":1,"stateCount":1,"isPopular":false},{"bankName":"CREDIT SUISSE AG","branchCount":1,"locationCount":1,"stateCount":1,"isPopular":false},{"bankName":"DEOGIRI NAGARI SAHAKARI BANK LTD AURANGABAD","branchCount":32,"locationCount":20,"stateCount":1,"isPopular":false},{"bankName":"DEPOSIT INS AND CR GUAR CORPN","branchCount":1,"locationCount":1,"stateCount":1,"isPopular":false},{"bankName":"DMK JAOLI BANK","branchCount":25,"locationCount":8,"stateCount":1,"isPopular":false},{"bankName":"DOMBIVLI NAGARI SAHAKARI BANK","branchCount":64,"locationCount":34,"stateCount":1,"isPopular":false},{"bankName":"EMIRATES NBD BANK P J S C","branchCount":2,"locationCount":1,"stateCount":1,"isPopular":false},{"bankName":"FIRST ABU DHABI BANK PJSC","branchCount":1,"locationCount":1,"stateCount":1,"isPopular":false},{"bankName":"FIRSTRAND BANK","branchCount":1,"locationCount":1,"stateCount":1,"isPopular":false},{"bankName":"GADCHIROLI DISTRICT CENTRAL CO OP BANK LTD","branchCount":1,"locationCount":1,"stateCount":1,"isPopular":false},{"bankName":"GREATER BOMBAY CO OP BANK","branchCount":23,"locationCount":5,"stateCount":1,"isPopular":false},{"bankName":"GS MAHANAGAR CO OPERATIVE BANK LIMITED MUMBAI","branchCount":10,"locationCount":9,"stateCount":1,"isPopular":false},{"bankName":"HASTI COOPERATIVE BANK LTD","branchCount":22,"locationCount":19,"stateCount":1,"isPopular":false},{"bankName":"INDUSTRIAL AND COMMERCIAL BANK OF CHINA LTD","branchCount":1,"locationCount":1,"stateCount":1,"isPopular":false},{"bankName":"JALGAON JANTA SAHAKARI BANK LTD","branchCount":41,"locationCount":28,"stateCount":1,"isPopular":false},{"bankName":"JANAKALYAN SAHAKARI BANK LTD","branchCount":27,"locationCount":1,"stateCount":1,"isPopular":false},{"bankName":"JANASEVA SAHAKARI BANK BORIVLI LTD","branchCount":3,"locationCount":2,"stateCount":1,"isPopular":false},{"bankName":"JANASEVA SAHAKARI BANK LTD PUNE","branchCount":31,"locationCount":15,"stateCount":1,"isPopular":false},{"bankName":"JIO PAYMENTS BANK LIMITED","branchCount":1,"locationCount":1,"stateCount":1,"isPopular":false},{"bankName":"KALYAN JANATA SAH BANK LTD","branchCount":45,"locationCount":16,"stateCount":1,"isPopular":false},{"bankName":"KARAD URBAN CO OP BANK LTD","branchCount":63,"locationCount":25,"stateCount":1,"isPopular":false},{"bankName":"KRUNG THAI BANK PCL","branchCount":1,"locationCount":1,"stateCount":1,"isPopular":false},{"bankName":"MAHANAGAR CO OP BANK LTD","branchCount":60,"locationCount":19,"stateCount":1,"isPopular":false},{"bankName":"MAHARASHTRA STATE CO OP BANK LTD","branchCount":51,"locationCount":14,"stateCount":1,"isPopular":false},{"bankName":"MAHESH SAHAKARI BANK LTD PUNE","branchCount":16,"locationCount":5,"stateCount":1,"isPopular":false},{"bankName":"MASHREQ BANK","branchCount":1,"locationCount":1,"stateCount":1,"isPopular":false},{"bankName":"MUMBAI DISTRICT CENTRAL COOP BANK LTD","branchCount":72,"locationCount":6,"stateCount":1,"isPopular":false},{"bankName":"MUNICIPAL COOPERATIVE BANK LTD","branchCount":23,"locationCount":1,"stateCount":1,"isPopular":false},{"bankName":"NAGAR URBAN COOPERATIVE BANK LTD","branchCount":48,"locationCount":37,"stateCount":1,"isPopular":false},{"bankName":"NATIONAL AUSTRALIA BANK LIMITED","branchCount":1,"locationCount":1,"stateCount":1,"isPopular":false},{"bankName":"NATIONAL BANK FOR AGRICULTURE AND RURAL DEVELOPMENT","branchCount":1,"locationCount":1,"stateCount":1,"isPopular":false},{"bankName":"NSDL PAYMENTS BANK LIMITED","branchCount":2,"locationCount":1,"stateCount":1,"isPopular":false},{"bankName":"PANDHARPUR URBAN CO OP BANK LTD","branchCount":31,"locationCount":20,"stateCount":1,"isPopular":false},{"bankName":"RABOBANK INTERNATIONAL","branchCount":1,"locationCount":1,"stateCount":1,"isPopular":false},{"bankName":"RAJARAMBAPU SAHAKARI BANK LIMITED","branchCount":47,"locationCount":32,"stateCount":1,"isPopular":false},{"bankName":"RAJGURUNAGAR SAHAKARI BANK LIMITED","branchCount":18,"locationCount":12,"stateCount":1,"isPopular":false},{"bankName":"ROYAL BANK OF SCOTLAND PLC","branchCount":5,"locationCount":1,"stateCount":1,"isPopular":false},{"bankName":"SAHEBRAO DESHMUKH CO OP BANK LTD","branchCount":19,"locationCount":2,"stateCount":1,"isPopular":false},{"bankName":"SAMARTH SAHAKARI BANK LTD","branchCount":2,"locationCount":1,"stateCount":1,"isPopular":false},{"bankName":"SATARA DISTRICT CENTRAL CO OP BANK LTD","branchCount":1,"locationCount":1,"stateCount":1,"isPopular":false},{"bankName":"SHIKSHAK SAHAKARI BANK LIMITED","branchCount":2,"locationCount":1,"stateCount":1,"isPopular":false},{"bankName":"SHRI CHHATRAPATI RAJARSHI SHAHU URBAN CO OP BANK LTD","branchCount":47,"locationCount":37,"stateCount":1,"isPopular":false},{"bankName":"SMALL INDUSTRIES DEVELOPMENT BANK OF INDIA","branchCount":2,"locationCount":1,"stateCount":1,"isPopular":false},{"bankName":"THANE BHARAT SAHAKARI BANK LTD","branchCount":27,"locationCount":11,"stateCount":1,"isPopular":false},{"bankName":"THANE DISTRICT CENTRAL CO OP BANK LTD","branchCount":105,"locationCount":42,"stateCount":1,"isPopular":false},{"bankName":"THE AKOLA DISTRICT CENTRAL COOPERATIVE BANK","branchCount":11,"locationCount":8,"stateCount":1,"isPopular":false},{"bankName":"THE KOLHAPUR URBAN CO OP BANK LTD","branchCount":21,"locationCount":1,"stateCount":1,"isPopular":false},{"bankName":"THE MUSLIM CO OPERATIVE BANK LTD","branchCount":28,"locationCount":6,"stateCount":1,"isPopular":false},{"bankName":"THE SEVA VIKAS COOPERATIVE BANK LIMITED","branchCount":1,"locationCount":1,"stateCount":1,"isPopular":false},{"bankName":"THE SINDHUDURG DISTRICT CENTRAL CO OPERATIVE BANK LIMITED","branchCount":99,"locationCount":99,"stateCount":1,"isPopular":false},{"bankName":"UNITED OVERSEAS BANK LTD","branchCount":1,"locationCount":1,"stateCount":1,"isPopular":false},{"bankName":"VASAI JANATA SAHAKARI BANK LTD","branchCount":14,"locationCount":12,"stateCount":1,"isPopular":false},{"bankName":"VASAI VIKAS SAHAKARI BANK LTD","branchCount":22,"locationCount":18,"stateCount":1,"isPopular":false},{"bankName":"WESTPAC BANKING CORPORATION","branchCount":1,"locationCount":1,"stateCount":1,"isPopular":false},{"bankName":"SBM BANK INDIA LIMITED","branchCount":2,"locationCount":1,"stateCount":1,"isPopular":false},{"bankName":"RBI PAD AHMEDABAD","branchCount":1,"locationCount":1,"stateCount":1,"isPopular":false},{"bankName":"ORISSA STATE COOPERATIVE BANK BANK LTD","branchCount":1,"locationCount":1,"stateCount":1,"isPopular":false},{"bankName":"TAMIL NADU STATE APEX COOP BANK LTD","branchCount":27,"locationCount":24,"stateCount":2,"isPopular":false},{"bankName":"THE RAJASTHAN STATE COOPERATIVE BANK LIMITED","branchCount":1,"locationCount":1,"stateCount":1,"isPopular":false},{"bankName":"RAJASTHAN STATE COOPERATIVE BANK LTD","branchCount":494,"locationCount":355,"stateCount":1,"isPopular":false},{"bankName":"BANK OF CEYLON","branchCount":1,"locationCount":1,"stateCount":1,"isPopular":false},{"bankName":"KEB HANA BANK","branchCount":2,"locationCount":1,"stateCount":1,"isPopular":false},{"bankName":"TELANGANA STATE COOP APEX BANK","branchCount":2,"locationCount":1,"stateCount":1,"isPopular":false},{"bankName":"TELANGANA STATE COOPERATIVE APEX BANK LIMITED","branchCount":389,"locationCount":262,"stateCount":1,"isPopular":false},{"bankName":"PAYTM PAYMENTS BANK LIMITED","branchCount":3,"locationCount":1,"stateCount":1,"isPopular":false},{"bankName":"PRATHAMA BANK","branchCount":421,"locationCount":176,"stateCount":1,"isPopular":false},{"bankName":"ZILA SAHAKARI BANK LTD GHAZIABAD","branchCount":36,"locationCount":20,"stateCount":1,"isPopular":false},{"bankName":"ALMORA URBAN BANK LTD","branchCount":51,"locationCount":39,"stateCount":1,"isPopular":false},{"bankName":"KURMANCHAL NAGAR SAHAKARI BANK LTD","branchCount":44,"locationCount":30,"stateCount":1,"isPopular":false},{"bankName":"THE WEST BENGAL STATE COOPERATIVE BANK","branchCount":1,"locationCount":1,"stateCount":1,"isPopular":false},{"bankName":"DURGAPUR STEEL PEOPLES CO OPERATIVE BANK LTD","branchCount":6,"locationCount":1,"stateCount":1,"isPopular":false},{"bankName":"WEST BENGAL STATE COOP BANK LTD","branchCount":319,"locationCount":238,"stateCount":1,"isPopular":false}]