[{"bankName":"ABHYUDAYA COOPERATIVE BANK LIMITED","branchCount":112,"locationCount":16,"stateCount":3,"isPopular":false},{"bankName":"ABU DHABI COMMERCIAL BANK","branchCount":2,"locationCount":2,"stateCount":2,"isPopular":false},{"bankName":"ADITYA BIRLA IDEA PAYMENTS BANK","branchCount":2,"locationCount":2,"stateCount":2,"isPopular":false},{"bankName":"AHMEDABAD MERCANTILE COOPERATIVE BANK","branchCount":35,"locationCount":6,"stateCount":2,"isPopular":false},{"bankName":"AHMEDNAGAR MERCHANTS CO OP BANK LTD","branchCount":19,"locationCount":5,"stateCount":1,"isPopular":false},{"bankName":"AIRTEL PAYMENTS BANK LIMITED","branchCount":1,"locationCount":1,"stateCount":1,"isPopular":false},{"bankName":"AKOLA JANATA COMMERCIAL COOPERATIVE BANK","branchCount":40,"locationCount":15,"stateCount":2,"isPopular":false},{"bankName":"ALLAHABAD BANK","branchCount":3898,"locationCount":560,"stateCount":33,"isPopular":true},{"bankName":"ALMORA URBAN COOPERATIVE BANK LIMITED","branchCount":51,"locationCount":9,"stateCount":1,"isPopular":false},{"bankName":"AMBARNATH JAIHIND COOP BANK LTD AMBARNATH","branchCount":19,"locationCount":3,"stateCount":1,"isPopular":false},{"bankName":"ANDHRA BANK","branchCount":3221,"locationCount":433,"stateCount":29,"isPopular":true},{"bankName":"ANDHRA PRADESH GRAMEENA VIKAS BANK","branchCount":788,"locationCount":30,"stateCount":2,"isPopular":false},{"bankName":"ANDHRA PRAGATHI GRAMEENA BANK","branchCount":560,"locationCount":12,"stateCount":1,"isPopular":false},{"bankName":"APNA SAHAKARI BANK LIMITED","branchCount":87,"locationCount":17,"stateCount":2,"isPopular":false},{"bankName":"AU SMALL FINANCE BANK LIMITED","branchCount":314,"locationCount":150,"stateCount":11,"isPopular":false},{"bankName":"AUSTRALIA AND NEW ZEALAND BANKING GROUP LIMITED","branchCount":1,"locationCount":1,"stateCount":1,"isPopular":false},{"bankName":"AXIS BANK","branchCount":4389,"locationCount":777,"stateCount":36,"isPopular":true},{"bankName":"B N P PARIBAS","branchCount":8,"locationCount":8,"stateCount":7,"isPopular":false},{"bankName":"BANDHAN BANK LIMITED","branchCount":978,"locationCount":368,"stateCount":32,"isPopular":false},{"bankName":"BANK OF AMERICA","branchCount":4,"locationCount":4,"stateCount":4,"isPopular":false},{"bankName":"BANK OF BAHARAIN AND KUWAIT BSC","branchCount":4,"locationCount":4,"stateCount":4,"isPopular":false},{"bankName":"BANK OF BARODA (BOB)","branchCount":5555,"locationCount":1279,"stateCount":35,"isPopular":true},{"bankName":"BANK OF CEYLON","branchCount":2,"locationCount":1,"stateCount":1,"isPopular":false},{"bankName":"BANK OF INDIA (BOI)","branchCount":5278,"locationCount":2898,"stateCount":35,"isPopular":true},{"bankName":"BANK OF MAHARASHTRA","branchCount":1923,"locationCount":325,"stateCount":33,"isPopular":false},{"bankName":"BARCLAYS BANK","branchCount":2,"locationCount":1,"stateCount":1,"isPopular":false},{"bankName":"BASSEIN CATHOLIC COOPERATIVE BANK LIMITED","branchCount":66,"locationCount":8,"stateCount":1,"isPopular":false},{"bankName":"BHAGINI NIVEDITA SAHAKARI BANK LTD PUNE","branchCount":1,"locationCount":1,"stateCount":1,"isPopular":false},{"bankName":"BHARAT COOPERATIVE BANK MUMBAI LIMITED","branchCount":103,"locationCount":27,"stateCount":3,"isPopular":false},{"bankName":"CANARA BANK","branchCount":6558,"locationCount":618,"stateCount":34,"isPopular":true},{"bankName":"CAPITAL SMALL FINANCE BANK LIMITED","branchCount":123,"locationCount":28,"stateCount":4,"isPopular":false},{"bankName":"CATHOLIC SYRIAN BANK LIMITED","branchCount":440,"locationCount":95,"stateCount":19,"isPopular":false},{"bankName":"CENTRAL BANK OF INDIA","branchCount":4908,"locationCount":582,"stateCount":34,"isPopular":true},{"bankName":"CHINATRUST COMMERCIAL BANK LIMITED","branchCount":2,"locationCount":2,"stateCount":2,"isPopular":false},{"bankName":"CITI BANK","branchCount":36,"locationCount":26,"stateCount":12,"isPopular":false},{"bankName":"CITIZEN CREDIT COOPERATIVE BANK LIMITED","branchCount":48,"locationCount":8,"stateCount":3,"isPopular":false},{"bankName":"CITY UNION BANK LIMITED","branchCount":619,"locationCount":132,"stateCount":17,"isPopular":false},{"bankName":"CORPORATION BANK","branchCount":2506,"locationCount":424,"stateCount":31,"isPopular":true},{"bankName":"CREDIT AGRICOLE CORPORATE AND INVESTMENT BANK CALYON BANK","branchCount":5,"locationCount":5,"stateCount":4,"isPopular":false},{"bankName":"CREDIT SUISEE AG","branchCount":1,"locationCount":1,"stateCount":1,"isPopular":false},{"bankName":"DCB BANK LIMITED","branchCount":324,"locationCount":196,"stateCount":21,"isPopular":false},{"bankName":"DENA BANK","branchCount":1793,"locationCount":433,"stateCount":33,"isPopular":false},{"bankName":"DEOGIRI NAGARI SAHAKARI BANK LTD AURANGABAD","branchCount":31,"locationCount":8,"stateCount":1,"isPopular":false},{"bankName":"DEPOSIT INSURANCE AND CREDIT GUARANTEE CORPORATION","branchCount":1,"locationCount":1,"stateCount":1,"isPopular":false},{"bankName":"DEUSTCHE BANK","branchCount":29,"locationCount":17,"stateCount":9,"isPopular":false},{"bankName":"DEVELOPMENT BANK OF SINGAPORE","branchCount":12,"locationCount":12,"stateCount":7,"isPopular":false},{"bankName":"DHANALAKSHMI BANK","branchCount":281,"locationCount":184,"stateCount":14,"isPopular":false},{"bankName":"DMK JAOLI BANK","branchCount":25,"locationCount":5,"stateCount":1,"isPopular":false},{"bankName":"DOHA BANK","branchCount":3,"locationCount":3,"stateCount":3,"isPopular":false},{"bankName":"DOHA BANK QSC","branchCount":1,"locationCount":1,"stateCount":1,"isPopular":false},{"bankName":"DOMBIVLI NAGARI SAHAKARI BANK LIMITED","branchCount":71,"locationCount":16,"stateCount":1,"isPopular":false},{"bankName":"DURGAPUR STEEL PEOPLES CO OPERATIVE BANK LTD","branchCount":6,"locationCount":1,"stateCount":1,"isPopular":false},{"bankName":"EMIRATES NBD BANK P J S C","branchCount":1,"locationCount":1,"stateCount":1,"isPopular":false},{"bankName":"EQUITAS SMALL FINANCE BANK LIMITED","branchCount":396,"locationCount":176,"stateCount":15,"isPopular":false},{"bankName":"ESAF SMALL FINANCE BANK LIMITED","branchCount":136,"locationCount":40,"stateCount":10,"isPopular":false},{"bankName":"EXPORT IMPORT BANK OF INDIA","branchCount":1,"locationCount":1,"stateCount":1,"isPopular":false},{"bankName":"FEDERAL BANK","branchCount":1324,"locationCount":268,"stateCount":28,"isPopular":false},{"bankName":"FINCARE SMALL FINANCE BANK LTD","branchCount":1,"locationCount":1,"stateCount":1,"isPopular":false},{"bankName":"FINO PAYMENTS BANK","branchCount":127,"locationCount":55,"stateCount":13,"isPopular":false},{"bankName":"FIRST ABU DHABI BANK PJSC","branchCount":1,"locationCount":1,"stateCount":1,"isPopular":false},{"bankName":"FIRSTRAND BANK LIMITED","branchCount":1,"locationCount":1,"stateCount":1,"isPopular":false},{"bankName":"G P PARSIK BANK","branchCount":92,"locationCount":14,"stateCount":3,"isPopular":false},{"bankName":"GS MAHANAGAR CO OPERATIVE BANK LIMITED MUMBAI","branchCount":69,"locationCount":12,"stateCount":1,"isPopular":false},{"bankName":"HARYANA STATE COOPERATIVE BANK","branchCount":15,"locationCount":2,"stateCount":1,"isPopular":false},{"bankName":"HDFC BANK","branchCount":5877,"locationCount":663,"stateCount":36,"isPopular":true},{"bankName":"HIMACHAL PRADESH STATE COOPERATIVE BANK LTD","branchCount":218,"locationCount":7,"stateCount":1,"isPopular":false},{"bankName":"HSBC BANK","branchCount":30,"locationCount":15,"stateCount":12,"isPopular":false},{"bankName":"ICICI BANK LIMITED","branchCount":5189,"locationCount":590,"stateCount":35,"isPopular":true},{"bankName":"IDBI BANK","branchCount":3200,"locationCount":599,"stateCount":38,"isPopular":true},{"bankName":"IDFC BANK LIMITED","branchCount":216,"locationCount":112,"stateCount":23,"isPopular":false},{"bankName":"IDRBT","branchCount":1,"locationCount":1,"stateCount":1,"isPopular":false},{"bankName":"IDUKKI DISTRICT CO OPERATIVE BANK LTD","branchCount":54,"locationCount":2,"stateCount":1,"isPopular":false},{"bankName":"INDIA POST PAYMENT BANK","branchCount":1,"locationCount":1,"stateCount":1,"isPopular":false},{"bankName":"INDIAN BANK","branchCount":2810,"locationCount":530,"stateCount":35,"isPopular":true},{"bankName":"INDIAN OVERSEAS BANK (IOB)","branchCount":3421,"locationCount":470,"stateCount":36,"isPopular":true},{"bankName":"INDUSIND BANK","branchCount":1358,"locationCount":387,"stateCount":34,"isPopular":false},{"bankName":"INDUSTRIAL AND COMMERCIAL BANK OF CHINA LIMITED","branchCount":1,"locationCount":1,"stateCount":1,"isPopular":false},{"bankName":"INDUSTRIAL BANK OF KOREA","branchCount":1,"locationCount":1,"stateCount":1,"isPopular":false},{"bankName":"IRINJALAKUDA TOWN CO OPERATIVE BANK LTD","branchCount":20,"locationCount":1,"stateCount":1,"isPopular":false},{"bankName":"JALGAON JANATA SAHAKARI BANK LIMITED","branchCount":41,"locationCount":11,"stateCount":1,"isPopular":false},{"bankName":"JAMMU AND KASHMIR BANK LIMITED","branchCount":977,"locationCount":96,"stateCount":20,"isPopular":false},{"bankName":"JANA SMALL FINANCE BANK LTD","branchCount":215,"locationCount":118,"stateCount":24,"isPopular":false},{"bankName":"JANAKALYAN SAHAKARI BANK LIMITED","branchCount":26,"locationCount":3,"stateCount":1,"isPopular":false},{"bankName":"JANASEVA SAHAKARI BANK BORIVLI LIMITED","branchCount":14,"locationCount":2,"stateCount":1,"isPopular":false},{"bankName":"JANASEVA SAHAKARI BANK LIMITED","branchCount":31,"locationCount":10,"stateCount":1,"isPopular":false},{"bankName":"JANATA SAHAKARI BANK LIMITED","branchCount":73,"locationCount":19,"stateCount":2,"isPopular":false},{"bankName":"JIO PAYMENTS BANK LIMITED","branchCount":1,"locationCount":1,"stateCount":1,"isPopular":false},{"bankName":"JP MORGAN BANK","branchCount":4,"locationCount":4,"stateCount":4,"isPopular":false},{"bankName":"KALLAPPANNA AWADE ICHALKARANJI JANATA SAHAKARI BANK LIMITED","branchCount":45,"locationCount":16,"stateCount":3,"isPopular":false},{"bankName":"KALUPUR COMMERCIAL COOPERATIVE BANK","branchCount":58,"locationCount":9,"stateCount":2,"isPopular":false},{"bankName":"KALYAN JANATA SAHAKARI BANK","branchCount":47,"locationCount":8,"stateCount":1,"isPopular":false},{"bankName":"KARNATAKA BANK LIMITED","branchCount":856,"locationCount":211,"stateCount":23,"isPopular":false},{"bankName":"KARNATAKA VIKAS GRAMEENA BANK","branchCount":650,"locationCount":23,"stateCount":1,"isPopular":false},{"bankName":"KARUR VYSYA BANK","branchCount":859,"locationCount":197,"stateCount":21,"isPopular":false},{"bankName":"KAVERI GRAMEENA BANK","branchCount":479,"locationCount":10,"stateCount":1,"isPopular":false},{"bankName":"KEB HANA BANK","branchCount":1,"locationCount":1,"stateCount":1,"isPopular":false},{"bankName":"KERALA GRAMIN BANK","branchCount":647,"locationCount":18,"stateCount":1,"isPopular":false},{"bankName":"KOTAK MAHINDRA BANK LIMITED","branchCount":1702,"locationCount":320,"stateCount":30,"isPopular":false},{"bankName":"KOZHIKODE DISTRICT COOPERATIAVE BANK LTD","branchCount":64,"locationCount":1,"stateCount":1,"isPopular":false},{"bankName":"KRUNG THAI BANK PCL","branchCount":1,"locationCount":1,"stateCount":1,"isPopular":false},{"bankName":"LAXMI VILAS BANK","branchCount":596,"locationCount":171,"stateCount":19,"isPopular":false},{"bankName":"MAHARASHTRA GRAMIN BANK","branchCount":419,"locationCount":18,"stateCount":1,"isPopular":false},{"bankName":"MAHARASHTRA STATE COOPERATIVE BANK","branchCount":52,"locationCount":14,"stateCount":1,"isPopular":false},{"bankName":"MAHESH SAHAKARI BANK LTD PUNE","branchCount":16,"locationCount":5,"stateCount":1,"isPopular":false},{"bankName":"MASHREQBANK PSC","branchCount":1,"locationCount":1,"stateCount":1,"isPopular":false},{"bankName":"MIZUHO BANK LTD","branchCount":6,"locationCount":5,"stateCount":5,"isPopular":false},{"bankName":"MUFG BANK LTD","branchCount":5,"locationCount":5,"stateCount":5,"isPopular":false},{"bankName":"NAGAR URBAN CO OPERATIVE BANK","branchCount":48,"locationCount":8,"stateCount":1,"isPopular":false},{"bankName":"NAGPUR NAGARIK SAHAKARI BANK LIMITED","branchCount":45,"locationCount":7,"stateCount":4,"isPopular":false},{"bankName":"NATIONAL AUSTRALIA BANK LIMITED","branchCount":1,"locationCount":1,"stateCount":1,"isPopular":false},{"bankName":"NATIONAL BANK FOR AGRICULTURE AND RURAL DEVELOPMENT","branchCount":1,"locationCount":1,"stateCount":1,"isPopular":false},{"bankName":"NEW INDIA COOPERATIVE BANK LIMITED","branchCount":30,"locationCount":4,"stateCount":2,"isPopular":false},{"bankName":"NKGSB COOPERATIVE BANK LIMITED","branchCount":110,"locationCount":41,"stateCount":7,"isPopular":false},{"bankName":"NORTH EAST SMALL FINANCE BANK LIMITED","branchCount":81,"locationCount":41,"stateCount":6,"isPopular":false},{"bankName":"NSDL PAYMENTS BANK LIMITED","branchCount":2,"locationCount":1,"stateCount":1,"isPopular":false},{"bankName":"NUTAN NAGARIK SAHAKARI BANK LIMITED","branchCount":23,"locationCount":3,"stateCount":2,"isPopular":false},{"bankName":"ORIENTAL BANK OF COMMERCE","branchCount":2405,"locationCount":1176,"stateCount":31,"isPopular":true},{"bankName":"PAYTM PAYMENTS BANK LTD","branchCount":2,"locationCount":1,"stateCount":1,"isPopular":false},{"bankName":"PRAGATHI KRISHNA GRAMIN BANK","branchCount":672,"locationCount":16,"stateCount":1,"isPopular":false},{"bankName":"PRATHAMA BANK","branchCount":422,"locationCount":6,"stateCount":1,"isPopular":false},{"bankName":"PRIME COOPERATIVE BANK LIMITED","branchCount":38,"locationCount":11,"stateCount":1,"isPopular":false},{"bankName":"PT BANK MAYBANK INDONESIA TBK","branchCount":1,"locationCount":1,"stateCount":1,"isPopular":false},{"bankName":"PUNJAB AND MAHARSHTRA COOPERATIVE BANK","branchCount":139,"locationCount":26,"stateCount":6,"isPopular":false},{"bankName":"PUNJAB AND SIND BANK","branchCount":1531,"locationCount":282,"stateCount":32,"isPopular":false},{"bankName":"PUNJAB NATIONAL BANK (PNB)","branchCount":7283,"locationCount":3699,"stateCount":35,"isPopular":true},{"bankName":"QATAR NATIONAL BANK SAQ","branchCount":1,"locationCount":1,"stateCount":1,"isPopular":false},{"bankName":"RABOBANK INTERNATIONAL","branchCount":1,"locationCount":1,"stateCount":1,"isPopular":false},{"bankName":"RAJARAMBAPU SAHAKARI BANK LIMITED","branchCount":46,"locationCount":6,"stateCount":1,"isPopular":false},{"bankName":"RAJGURUNAGAR SAHAKARI BANK LIMITED","branchCount":17,"locationCount":1,"stateCount":1,"isPopular":false},{"bankName":"RAJKOT NAGRIK SAHAKARI BANK LIMITED","branchCount":1,"locationCount":1,"stateCount":1,"isPopular":false},{"bankName":"RBI PAD AHMEDABAD","branchCount":9,"locationCount":7,"stateCount":8,"isPopular":false},{"bankName":"RBL BANK LIMITED","branchCount":282,"locationCount":115,"stateCount":20,"isPopular":false},{"bankName":"RESERVE BANK OF INDIA","branchCount":3,"locationCount":3,"stateCount":3,"isPopular":false},{"bankName":"RESERVE BANK OF INDIA PAD","branchCount":32,"locationCount":31,"stateCount":23,"isPopular":false},{"bankName":"SAHEBRAO DESHMUKH COOPERATIVE BANK LIMITED","branchCount":18,"locationCount":2,"stateCount":1,"isPopular":false},{"bankName":"SAMARTH SAHAKARI BANK LTD","branchCount":1,"locationCount":1,"stateCount":1,"isPopular":false},{"bankName":"SARASWAT COOPERATIVE BANK LIMITED","branchCount":437,"locationCount":58,"stateCount":9,"isPopular":false},{"bankName":"SBER BANK","branchCount":1,"locationCount":1,"stateCount":1,"isPopular":false},{"bankName":"SBM BANK INDIA LIMITED","branchCount":1,"locationCount":1,"stateCount":1,"isPopular":false},{"bankName":"SHIKSHAK SAHAKARI BANK LIMITED","branchCount":2,"locationCount":1,"stateCount":1,"isPopular":false},{"bankName":"SHINHAN BANK","branchCount":7,"locationCount":6,"stateCount":5,"isPopular":false},{"bankName":"SHIVALIK MERCANTILE CO OPERATIVE BANK LTD","branchCount":32,"locationCount":13,"stateCount":2,"isPopular":false},{"bankName":"SHRI CHHATRAPATI RAJASHRI SHAHU URBAN COOPERATIVE BANK LIMITED","branchCount":47,"locationCount":13,"stateCount":1,"isPopular":false},{"bankName":"SHRI VEERSHAIV CO OP BANK LTD","branchCount":31,"locationCount":6,"stateCount":2,"isPopular":false},{"bankName":"SIR M VISVESVARAYA CO OPERATIVE BANK LTD","branchCount":11,"locationCount":1,"stateCount":1,"isPopular":false},{"bankName":"SMALL INDUSTRIES DEVELOPMENT BANK OF INDIA","branchCount":2,"locationCount":1,"stateCount":1,"isPopular":false},{"bankName":"SOCIETE GENERALE","branchCount":2,"locationCount":2,"stateCount":2,"isPopular":false},{"bankName":"SOLAPUR JANATA SAHAKARI BANK LIMITED","branchCount":42,"locationCount":13,"stateCount":2,"isPopular":false},{"bankName":"SOUTH INDIAN BANK","branchCount":925,"locationCount":162,"stateCount":29,"isPopular":false},{"bankName":"STANDARD CHARTERED BANK","branchCount":101,"locationCount":43,"stateCount":18,"isPopular":false},{"bankName":"STATE BANK OF INDIA (SBI)","branchCount":26294,"locationCount":1161,"stateCount":36,"isPopular":true},{"bankName":"THE AKOLA DISTRICT CENTRAL COOPERATIVE BANK","branchCount":113,"locationCount":2,"stateCount":1,"isPopular":false},{"bankName":"THE ANDHRA PRADESH STATE COOPERATIVE BANK LIMITED","branchCount":427,"locationCount":16,"stateCount":2,"isPopular":false},{"bankName":"THE A P MAHESH COOPERATIVE URBAN BANK LIMITED","branchCount":45,"locationCount":14,"stateCount":3,"isPopular":false},{"bankName":"THE BARAMATI SAHAKARI BANK LTD","branchCount":37,"locationCount":6,"stateCount":1,"isPopular":false},{"bankName":"THE COSMOS CO OPERATIVE BANK LIMITED","branchCount":142,"locationCount":35,"stateCount":6,"isPopular":false},{"bankName":"THE DELHI STATE COOPERATIVE BANK LIMITED","branchCount":50,"locationCount":11,"stateCount":1,"isPopular":false},{"bankName":"THE GREATER BOMBAY COOPERATIVE BANK LIMITED","branchCount":23,"locationCount":1,"stateCount":1,"isPopular":false},{"bankName":"THE GADCHIROLI DISTRICT CENTRAL COOPERATIVE BANK LIMITED","branchCount":1,"locationCount":1,"stateCount":1,"isPopular":false},{"bankName":"THE GUJARAT STATE COOPERATIVE BANK LIMITED","branchCount":112,"locationCount":30,"stateCount":1,"isPopular":false},{"bankName":"THE HASTI COOP BANK LTD","branchCount":21,"locationCount":5,"stateCount":2,"isPopular":false},{"bankName":"WOORI BANK","branchCount":4,"locationCount":3,"stateCount":3,"isPopular":false},{"bankName":"THE JALGAON PEOPELS COOPERATIVE BANK LIMITED","branchCount":40,"locationCount":12,"stateCount":2,"isPopular":false},{"bankName":"THE KANGRA CENTRAL COOPERATIVE BANK LIMITED","branchCount":218,"locationCount":7,"stateCount":1,"isPopular":false},{"bankName":"THE KANGRA COOPERATIVE BANK LIMITED","branchCount":12,"locationCount":3,"stateCount":1,"isPopular":false},{"bankName":"THE KURMANCHAL NAGAR SAHAKARI BANK LIMITED","branchCount":44,"locationCount":12,"stateCount":1,"isPopular":false},{"bankName":"THE KARANATAKA STATE COOPERATIVE APEX BANK LIMITED","branchCount":89,"locationCount":18,"stateCount":1,"isPopular":false},{"bankName":"THE KARAD URBAN COOPERATIVE BANK LIMITED","branchCount":63,"locationCount":9,"stateCount":1,"isPopular":false},{"bankName":"THE MUMBAI DISTRICT CENTRAL COOPERATIVE BANK LIMITED","branchCount":74,"locationCount":4,"stateCount":1,"isPopular":false},{"bankName":"THE MEHSANA URBAN COOPERATIVE BANK","branchCount":53,"locationCount":14,"stateCount":2,"isPopular":false},{"bankName":"THE MUNICIPAL COOPERATIVE BANK LIMITED","branchCount":23,"locationCount":2,"stateCount":1,"isPopular":false},{"bankName":"THE NASIK MERCHANTS COOPERATIVE BANK LIMITED","branchCount":80,"locationCount":11,"stateCount":3,"isPopular":false},{"bankName":"THE BANK OF NOVA SCOTIA","branchCount":2,"locationCount":2,"stateCount":2,"isPopular":false},{"bankName":"THE NAINITAL BANK LIMITED","branchCount":140,"locationCount":42,"stateCount":5,"isPopular":false},{"bankName":"THE NAVNIRMAN CO OPERATIVE BANK LIMITED","branchCount":14,"locationCount":1,"stateCount":1,"isPopular":false},{"bankName":"THE PANDHARPUR URBAN CO OP BANK LTD PANDHARPUR","branchCount":31,"locationCount":7,"stateCount":1,"isPopular":false},{"bankName":"THE RAJASTHAN STATE COOPERATIVE BANK LIMITED","branchCount":496,"locationCount":37,"stateCount":1,"isPopular":false},{"bankName":"THE SURAT DISTRICT COOPERATIVE BANK LIMITED","branchCount":93,"locationCount":2,"stateCount":1,"isPopular":false},{"bankName":"THE SINDHUDURG DISTRICT CENTRAL COOP BANK LTD","branchCount":98,"locationCount":1,"stateCount":1,"isPopular":false},{"bankName":"SUMITOMO MITSUI BANKING CORPORATION","branchCount":2,"locationCount":2,"stateCount":2,"isPopular":false},{"bankName":"THE SURATH PEOPLES COOPERATIVE BANK LIMITED","branchCount":30,"locationCount":4,"stateCount":2,"isPopular":false},{"bankName":"SURAT NATIONAL COOPERATIVE BANK LIMITED","branchCount":18,"locationCount":1,"stateCount":1,"isPopular":false},{"bankName":"SURYODAY SMALL FINANCE BANK LIMITED","branchCount":31,"locationCount":10,"stateCount":6,"isPopular":false},{"bankName":"SUTEX COOPERATIVE BANK LIMITED","branchCount":19,"locationCount":1,"stateCount":1,"isPopular":false},{"bankName":"THE SEVA VIKAS COOPERATIVE BANK LIMITED","branchCount":1,"locationCount":1,"stateCount":1,"isPopular":false},{"bankName":"THE SHAMRAO VITHAL COOPERATIVE BANK","branchCount":589,"locationCount":74,"stateCount":10,"isPopular":false},{"bankName":"SYNDICATE BANK","branchCount":4230,"locationCount":868,"stateCount":37,"isPopular":true},{"bankName":"THE THANE BHARAT SAHAKARI BANK LIMITED","branchCount":31,"locationCount":5,"stateCount":1,"isPopular":false},{"bankName":"THE THANE DISTRICT CENTRAL COOPERATIVE BANK LIMITED","branchCount":113,"locationCount":2,"stateCount":1,"isPopular":false},{"bankName":"TUMKUR GRAIN MERCHANTS COOPERATIVE BANK LIMITED","branchCount":32,"locationCount":9,"stateCount":1,"isPopular":false},{"bankName":"THRISSUR DISTRICT CO OPERATIVE BANK LTD","branchCount":60,"locationCount":1,"stateCount":1,"isPopular":false},{"bankName":"TJSB SAHAKARI BANK LTD","branchCount":93,"locationCount":25,"stateCount":4,"isPopular":false},{"bankName":"TJSB SAHAKARI BANK LIMITED","branchCount":45,"locationCount":26,"stateCount":5,"isPopular":false},{"bankName":"TAMILNAD MERCANTILE BANK LIMITED","branchCount":524,"locationCount":124,"stateCount":20,"isPopular":false},{"bankName":"THE TAMIL NADU STATE APEX COOPERATIVE BANK","branchCount":28,"locationCount":23,"stateCount":2,"isPopular":false},{"bankName":"TELANGANA STATE COOP APEX BANK","branchCount":388,"locationCount":24,"stateCount":1,"isPopular":false},{"bankName":"TEXTILE TRADERS CO OPERATIVE BANK LIMITED","branchCount":1,"locationCount":1,"stateCount":1,"isPopular":false},{"bankName":"TEXTILE TRADERS CO OPERATIVE BANK LTD","branchCount":4,"locationCount":1,"stateCount":1,"isPopular":false},{"bankName":"UNION BANK OF INDIA","branchCount":4498,"locationCount":817,"stateCount":34,"isPopular":true},{"bankName":"UCO BANK","branchCount":3093,"locationCount":749,"stateCount":36,"isPopular":true},{"bankName":"UJJIVAN SMALL FINANCE BANK LIMITED","branchCount":468,"locationCount":275,"stateCount":23,"isPopular":false},{"bankName":"UNITED OVERSEAS BANK LIMITED","branchCount":1,"locationCount":1,"stateCount":1,"isPopular":false},{"bankName":"UNITED BANK OF INDIA","branchCount":2074,"locationCount":452,"stateCount":34,"isPopular":false},{"bankName":"UTKARSH SMALL FINANCE BANK","branchCount":431,"locationCount":162,"stateCount":11,"isPopular":false},{"bankName":"THE VARACHHA COOPERATIVE BANK LIMITED","branchCount":24,"locationCount":4,"stateCount":1,"isPopular":false},{"bankName":"VASAI JANATA SAHAKARI BANK LTD","branchCount":14,"locationCount":3,"stateCount":1,"isPopular":false},{"bankName":"VIJAYA BANK","branchCount":2302,"locationCount":1218,"stateCount":36,"isPopular":false},{"bankName":"THE VISHWESHWAR SAHAKARI BANK LIMITED","branchCount":29,"locationCount":8,"stateCount":2,"isPopular":false},{"bankName":"VASAI VIKAS SAHAKARI BANK LIMITED","branchCount":20,"locationCount":3,"stateCount":1,"isPopular":false},{"bankName":"VASAI VIKAS SAHAKARI BANK LTD","branchCount":2,"locationCount":2,"stateCount":1,"isPopular":false},{"bankName":"THE WEST BENGAL STATE COOPERATIVE BANK","branchCount":336,"locationCount":31,"stateCount":1,"isPopular":false},{"bankName":"WESTPAC BANKING CORPORATION","branchCount":1,"locationCount":1,"stateCount":1,"isPopular":false},{"bankName":"YES BANK","branchCount":3169,"locationCount":374,"stateCount":35,"isPopular":true},{"bankName":"THE ZOROASTRIAN COOPERATIVE BANK LIMITED","branchCount":20,"locationCount":3,"stateCount":2,"isPopular":false},{"bankName":"ZILA SAHAKRI BANK LIMITED GHAZIABAD","branchCount":35,"locationCount":2,"stateCount":2,"isPopular":false},{"bankName":"","branchCount":1,"locationCount":1,"stateCount":1,"isPopular":false}]